,url
20994,"<meta content=""50th release from this well-regarded post-rock/experimental label offers exclusive material from its strongest artists."" data-react-helmet=""true"" name=""description"" property=""description""/>"
10440,"<meta content=""Of all Jakub Alexander's pursuits and side projects, his work as &quot;low level&quot; ambient act Heathered Pearls is designed to give him a break from his personal anxieties. While tension clearly fed into Loyal, it doesn't give much back out, dealing instead in gentle mood shifts that crystallize over the course of the record."" data-react-helmet=""true"" name=""description"" property=""description""/>"
21474,"<meta content=""Brendan Benson's songs are almost exclusively about girls: nearly every harmony-heavy track buried deep inside Benson's discography contains ..."" data-react-helmet=""true"" name=""description"" property=""description""/>"
13610,"<meta content=""On their first commercially released album, Das Racist sound unimpressed by their own staggering ability, as if the actual process of making Relax didn't turn out to be as exciting as planning it."" data-react-helmet=""true"" name=""description"" property=""description""/>"
11192,"<meta content=""Collecting a year's worth of heady dance singles plus two unreleased tracks, Pink suggests Four Tet is capable of going deeper and expanding higher than almost anyone else out there."" data-react-helmet=""true"" name=""description"" property=""description""/>"
15254,"<meta content=""The absolutely enormous rock band reminds us that they got that way by simply communicating basic truths and basic melodies. Over and over and over again."" data-react-helmet=""true"" name=""description"" property=""description""/>"
8248,"<meta content=""Kansas City indie pop trio Shy Boys' self-titled debut is a triumph of ramshackle aesthetics and homespun hooks. Instrumentally, Shy Boys is far from dazzling, but that doesn't seem to hold the group back."" data-react-helmet=""true"" name=""description"" property=""description""/>"
21669,"<meta content=""Old Fashioned Love"" data-react-helmet=""true"" name=""description"" property=""description""/>"
15643,"<meta content=""The Sigur Rós singer fights huge with huger on his solo debut, matching the uplift of his full-time band at their most dramatic."" data-react-helmet=""true"" name=""description"" property=""description""/>"
21194,"<meta content=""Mary Lou Lord doesn't fit into your indie world. At least not lately. Back in the early 1990s, she ..."" data-react-helmet=""true"" name=""description"" property=""description""/>"
16005,"<meta content=""The divisive Vampire Weekend return with LP number two, and Contra finds them embracing their eccentricities without shame or apology."" data-react-helmet=""true"" name=""description"" property=""description""/>"
15387,"<meta content=""The experimental Brooklyn band's latest is a satisfying descent into noisy chaos."" data-react-helmet=""true"" name=""description"" property=""description""/>"
10096,"<meta content=""The soul singer's second album for Daptone finds him in a more optimistic mood, channeling the sound of 1970s greats like Al Green and Curtis Mayfield, and the sheer power of his voice is undiminished."" data-react-helmet=""true"" name=""description"" property=""description""/>"
886,"<meta content=""DJ Snake is best known for his endless sugar high “Turn Down For What.” His solo album has a few successfully ridiculous tracks but mostly makes you question the need for its existence."" data-react-helmet=""true"" name=""description"" property=""description""/>"
12978,"<meta content=""Chairlift's second full-length album is a major creative leap from their first, but it doesn't so much reinvent their sound as refine it."" data-react-helmet=""true"" name=""description"" property=""description""/>"
17383,"<meta content=""Firing on all cylinders, Growing continue to produce dynamic post-rock, here more prominently emphasizing stomping melody and kinetic rhythm."" data-react-helmet=""true"" name=""description"" property=""description""/>"
21067,"<meta content=""Live albums often bank on facile nostalgia: &quot;Man, I remember when they played 'Truckin'' as the seventh encore.&quot; In the ..."" data-react-helmet=""true"" name=""description"" property=""description""/>"
20876,"<meta content=""Funeral"" data-react-helmet=""true"" name=""description"" property=""description""/>"
14290,"<meta content=""Erland Cooper crafts folk-inflected tales with help from the Verve's Simon Tong and inspiration from a poltergeist."" data-react-helmet=""true"" name=""description"" property=""description""/>"
6173,"<meta content=""Philadelphia indie-pop band Literature's debut LP for Slumberland sums up so much history: the antsy enthusiasm of the Feelies, the twinkling tone of Johnny Marr’s guitar, the “Go on, then” romanticism of Buzzcocks. But instead of coming off as a retread of bands dead and gone, it charms with humor and heart—a record with feeling, even if it feels like something you already know."" data-react-helmet=""true"" name=""description"" property=""description""/>"
15256,"<meta content=""The rapper's next comeback LP, this is meant to trace Em's journey out of depression and drug addiction and back into the peak of his powers."" data-react-helmet=""true"" name=""description"" property=""description""/>"
1517,"<meta content=""At its best, this short, punchy album feels like a distillation of everything that has made British producer Lone's work great so far."" data-react-helmet=""true"" name=""description"" property=""description""/>"
21456,"<meta content=""Named after the first black Muppet, it's obvious that the underground duo Roosevelt Franklin-- featuring ex-Company Flow DJ Mr ..."" data-react-helmet=""true"" name=""description"" property=""description""/>"
22701,"<meta content=""I don't have an exact formula, but I figure that a decade in human years\n\ amounts to at ..."" data-react-helmet=""true"" name=""description"" property=""description""/>"
6988,"<meta content=""White Hinterland's latest finds Casey Dienel experimenting with more jagged percussion and orchestral flourishes, notably horns.  But for all the sonic change-ups, her idiosyncratic voice remains the music’s signature."" data-react-helmet=""true"" name=""description"" property=""description""/>"
2360,"<meta content='Beyoncé is on a roll. Her latest, another ""visual album"" with corresponding videos in the mold of her 2013 self-titled set, renders infidelity and reconciliation with a cinematic vividness.' data-react-helmet=""true"" name=""description"" property=""description""/>"
19452,"<meta content='Yes, that America. The band best known for ""The Horse With No Name"" returns with a late-career reunion album, getting assistance here from My Morning Jacket, Ryan Adams, James Iha (Smashing Pumpkins), and Adam Schlesinger (Fountains of Wayne), among others.' data-react-helmet=""true"" name=""description"" property=""description""/>"
17851,"<meta content=""Chicago rapper lashes out at the internet, indie culture, and even hip-hop itself, but his entertaining persona keeps him from being boxed in by his misanthropy."" data-react-helmet=""true"" name=""description"" property=""description""/>"
6931,"<meta content=""Less than five months after frontman John Dwyer told an audience at San Francisco’s Great American Music Hall that they wouldn’t be seeing the band in action for a while, Thee Oh Sees have reemerged with their eighth full-length record in six years. Drop turns out to be the next logical step in the progression undertaken on 2013’s Floating Coffin and 2012’s Putrifiers II."" data-react-helmet=""true"" name=""description"" property=""description""/>"
17425,"<meta content='Best known in the U.S. for their 1993 alt-rock hit ""Laid"", James return after a six-year layoff with their 10th album.' data-react-helmet=""true"" name=""description"" property=""description""/>"
3565,"<meta content=""The Australian garage rock band gained an adoring cult with the catchy, loud, fuzzy, and frantic songs of their 2012 debut. Three years later, lead singer Shogun might have worked to temper his powerful soul shout and the production is cleaner, but the songs are just as catchy and full of emotion."" data-react-helmet=""true"" name=""description"" property=""description""/>"
6935,"<meta content=""In 1987, Long Beach's Final Conflict released their pulverizing debut album, Ashes to Ashes, a venom-soaked takedown of the Reagan years, as well as one of the decade's best crossover releases. The set has been reissued in remastered form and packaged with some demos from 1985."" data-react-helmet=""true"" name=""description"" property=""description""/>"
15708,"<meta content=""This 1975 record from Zambia's &quot;Zam-rock&quot; scene, reissued by Now-Again and Shadoks, shows a band that was both behind and ahead of its era."" data-react-helmet=""true"" name=""description"" property=""description""/>"
22829,"<meta content=""The insert for One on One, the new offering from Mira Calix (aka female DJ Chantal Passamonte), depicts a silver-eyed ..."" data-react-helmet=""true"" name=""description"" property=""description""/>"
19663,"<meta content=""Kurt Wagner's shapeshifting group offers its 10th album, this one featuring the contributions and influence of Nashville-based laptop group Hands Off Cuba."" data-react-helmet=""true"" name=""description"" property=""description""/>"
16188,"<meta content=""Mark Lanegan again teams with UK electronic vets, with guest spots from Spiritualized's Jason Pierce, Mike Patton, Richard Hawley, and Gibby Haynes."" data-react-helmet=""true"" name=""description"" property=""description""/>"
3417,"<meta content=""New Brunswick's Long Beard makes romantically restless dream pop with shades of Azure Ray and Galaxie 500. It might be a little unpolished, but Long Beard is good at making music that sounds best played in a lit bedroom, late at night, on a suburban street when everyone else is snoozing in their beds."" data-react-helmet=""true"" name=""description"" property=""description""/>"
22627,"<meta content=""And I thought my quest had reached its end. After years of searching through used record bins, bothering knowledgeable friends ..."" data-react-helmet=""true"" name=""description"" property=""description""/>"
10684,"<meta content=""Throughout their 20-year career, the German duo have deftly mixed traditional instrumentation with electronic textures that range from warm to brittle and disjointed. On their second release of 2012, Mouse on Mars deconstruct wonky, oddball bass music."" data-react-helmet=""true"" name=""description"" property=""description""/>"
12962,"<meta content=""The Brooklyn-based singer-songwriter's powerful third album, produced by the National's Aaron Dessner, features guest spots from Beirut's Zach Condon, Wye Oak's Jenn Wasner, Julianna Barwick, and Dessner's brother Bryce, among others."" data-react-helmet=""true"" name=""description"" property=""description""/>"
13803,"<meta content=""The Portland duo's second DFA album fuses a utopian concept with nervy, spastic electro-funk."" data-react-helmet=""true"" name=""description"" property=""description""/>"
1805,"<meta content=""In their mix of soulful grease and punky grit, Seratones feel like a natural, rollicking complement to The Alabama Shakes."" data-react-helmet=""true"" name=""description"" property=""description""/>"
3853,"<meta content=""Earlier this month, the Chicago rapper Lucki Eck$, then just 19, released his third mixtape, another collection of murky, tonally somber music. The lovingly crafted X is unrepentantly bleak, and stylistically provocative, combining Earl Sweatshirt's insistent misanthropy with a kind of rap game senioritis."" data-react-helmet=""true"" name=""description"" property=""description""/>"
20778,"<meta content=""Why isn't Tift Merritt famous? For one thing, she's responsible for one of the best acoustic guitar strums ..."" data-react-helmet=""true"" name=""description"" property=""description""/>"
4463,"<meta content=""Yelawolf has spent years making Love Story, his second official album as a major label artist and first release since 2013’s Trunk Muzik Returns. It seems to cement a damning new identity for him: once-compelling mixtape artist, shoddy album-maker."" data-react-helmet=""true"" name=""description"" property=""description""/>"
14742,"<meta content=""London band returns for album number two, and the record manages to be both wildly overwrought and painfully dull."" data-react-helmet=""true"" name=""description"" property=""description""/>"
16500,"<meta content=""A raw, high-energy run-through of their early live set, the Beatles' debut is also the sound of rock'n'roll finding a suddenly large, new audience."" data-react-helmet=""true"" name=""description"" property=""description""/>"
12224,"<meta content=""Garage-rock wunderkind Ty Segall's collaborative album with Tim Presley of White Fence is an absorbing maze of detours. They're the sort of people who seemingly enjoy pulling support beams out of songs to see how they hop along without them."" data-react-helmet=""true"" name=""description"" property=""description""/>"
4278,"<meta content=""Where his former band AIDS Wolf built an in-your-face wall, Alexander Moskos's smoky, hazy solo project Drainolith is all skeleton. On his second album Hysteria, produced by Royal Trux's Neil Michael Hagerty, everything emerges in semi-slow motion."" data-react-helmet=""true"" name=""description"" property=""description""/>"
1182,"<meta content=""Steven Julien specializes in a jubilantly no-frills strain of house and techno, and his debut album is bare-bones—just gnarled acid sequences, bare-knuckle drum programming, and drifting synths."" data-react-helmet=""true"" name=""description"" property=""description""/>"
8251,"<meta content=""In 2013, the Russian electronic producer and DJ Nina Kraviz was the focus of discussions on feminism and raw sexuality in club culture. Mr. Jones, her first material in 18 months, is a 54-minute double EP."" data-react-helmet=""true"" name=""description"" property=""description""/>"
3740,"<meta content=""Active Child's Mercy feels like the soundtrack to a beach that is never too far away, so the taste of salt is still on your tongue. It is studiously lovely, like a brochure for paradise, and over its course it begins to feels like a sunset in Grand Theft Auto V: beautiful, but a replica."" data-react-helmet=""true"" name=""description"" property=""description""/>"
5517,"<meta content=""Referencing writers like H.P. Lovecraft and Thomas Ligotti in heavy music is not a necessarily novel concept, but Raspberry Bulbs' new Privacy successfully transposes the intangible dread of these influential horror authors into a salvo of cold, sharp jolts to the psyche."" data-react-helmet=""true"" name=""description"" property=""description""/>"
8918,"<meta content=""Bruce Springsteen’s 18th record, High Hopes, is a collection of new recordings of songs he's been playing for 10 or 12 years. They're essentially outtakes from The Rising, Magic, and Working on a Dream*,* but Springsteen re-recorded them with producer Ron Aniello—often with Tom Morello on guitar—and sequenced them into an album."" data-react-helmet=""true"" name=""description"" property=""description""/>"
9312,"<meta content=""The Danish producer Trentemøller's followup to 2010's Into The Great Wide Yonder features vocals from members of Low, the Drums' Jonny Pierce, Lower Dens' Jana Hunter, Kazu Makino of Blonde Redhead, the Raveonettes' Sune Rose Wagner, and others."" data-react-helmet=""true"" name=""description"" property=""description""/>"
19894,"<meta content=""Second full-length from Thrill Jockey's cheeseball indie R&amp;B; duo fares only marginally better than Har Mar. Maybe there's a reason this stuff usually gets left to the majors?"" data-react-helmet=""true"" name=""description"" property=""description""/>"
16628,"<meta content=""Real-deal old-school funk and soul singer makes a tremendous comeback on a record that mixes elements of the Stax, Muscle Shoals, and Philly soul sounds."" data-react-helmet=""true"" name=""description"" property=""description""/>"
4512,"<meta content=""East Coast fans of West Coast rap, rejoice: a new Roach Gigz project has arrived in time for warmer weather. His writing is unusually introspective and tranquil, dabbling in loose ruminations that might surface while lounging (a bit faded) on a beach at sundown."" data-react-helmet=""true"" name=""description"" property=""description""/>"
16856,"<meta content=""One half of Metallic Falcons, New York-based songwriter gathers a cast of Chicago indie all-stars to help craft this solo record."" data-react-helmet=""true"" name=""description"" property=""description""/>"
2686,"<meta content=""BJ the Chicago Kid's first major-label release is a tender update on classic Chicago soul, featuring guest spots from Kendrick Lamar, Chance the Rapper, and Big K.R.I.T."" data-react-helmet=""true"" name=""description"" property=""description""/>"
21395,"<meta content=""I Don't Wanna"" data-react-helmet=""true"" name=""description"" property=""description""/>"
19381,"<meta content=""A year after its UK release, Milwaukee-based instrumentalists' debut hits the U.S., full to the brim with digitally precise percussive landscapes and mesmerizing acoustic ballads."" data-react-helmet=""true"" name=""description"" property=""description""/>"
14817,"<meta content=""Compiling tunes from the two early Body Talk mini-LPs and adding worthy new material, Robyn ends a great year on a high note."" data-react-helmet=""true"" name=""description"" property=""description""/>"
15349,"<meta content=""Stylistically diverse though still identifiably his work, the new record from Jamie Lidell enlists a huge cast-- including Beck, Feist, and Grizzly Bear."" data-react-helmet=""true"" name=""description"" property=""description""/>"
6574,"<meta content=""Chrissie Hynde has been making records for over three decades now, but until now she’s never released a proper “solo” record. Stockholm was recorded in the album’s titular city with Peter Bjorn and John's Bjorn Yttling, and also features contributions from Neil Young, the Ceasars’ Joakin Ahlund, and tennis legend John McEnroe."" data-react-helmet=""true"" name=""description"" property=""description""/>"
13021,"<meta content=""The Roots' 13th album, which includes a brief, four-part orchestral suite that builds off a Sufjan Stevens piece, is definitely their most downbeat. It's a concept record that tells the story of a man dying, in reverse."" data-react-helmet=""true"" name=""description"" property=""description""/>"
19178,"<meta content=""After the straightforward radio-rock trappings of the Raconteurs, the back-to-basics Icky Thump packs an unexpected freshness, resulting in the best White Stripes album in years."" data-react-helmet=""true"" name=""description"" property=""description""/>"
1703,"<meta content=""Composer Olga Bell's Tempo resembles dance music as glimpsed through a funhouse mirror: strangely distorted, sometimes goofy, and deeply pleasing on a simple, almost childlike level."" data-react-helmet=""true"" name=""description"" property=""description""/>"
10676,"<meta content=""The Stones Throw drummer/producer has worked with everyone from Paul McCartney to Common and tours with Diana Krall. His first solo offering is a grand addition to the ever-expanding canon of instrumental hip-hop beat tapes."" data-react-helmet=""true"" name=""description"" property=""description""/>"
21595,"<meta content=""It all comes back to a good melody, doesn't it? I don't want to come off like a ..."" data-react-helmet=""true"" name=""description"" property=""description""/>"
5580,"<meta content='On their new album, Heartless, Tokyo duo Jesse Ruins move from lush synth-pop to aggressive dance sounds. Featuring tracks like ""She Is in Instagram"", ""Forgot Your Account"", and ""URL Sinking"", it’s a work shaped by the mad pace of the Internet.' data-react-helmet=""true"" name=""description"" property=""description""/>"
15858,"<meta content=""Marking a transition between their garage rock roots and a new DFA-esque friendly sound, the UK band deliver a record of two very different sides."" data-react-helmet=""true"" name=""description"" property=""description""/>"
16056,"<meta content=""The mysterious and often rapturous Norwegian avant-garde collective releases its first record as a trio."" data-react-helmet=""true"" name=""description"" property=""description""/>"
19715,"<meta content=""The Big Bang"" data-react-helmet=""true"" name=""description"" property=""description""/>"
18960,"<meta content=""Goodbye"" data-react-helmet=""true"" name=""description"" property=""description""/>"
4267,"<meta content=""Donnie Trumpet and the Social Experiment serve as Chance the Rapper's touring band, and on Surf, he and the group tap into a wide-ranging, joyfully meandering spirit. The album touches on a multitude of ideas and moods, but above all, it's a celebration of friendship and a tribute to the alchemic power of collaboration."" data-react-helmet=""true"" name=""description"" property=""description""/>"
13660,"<meta content=""Swedish duo I Break Horses immerse themselves in homemade shoegaze, the kind that's made by computers for computers. It's an approach and sound that's crossed language barriers for the past 20 or so years as bands strive to approximate Loveless without the benefit of a label they can bankrupt in the process."" data-react-helmet=""true"" name=""description"" property=""description""/>"
10317,"<meta content=""On Parenthetical Girls' fourth album, the Portland indie-pop band's first since 2008, leader Zach Pennington plays the part of the amoral schoolboy fated to be caught in bed in a scandalous tryst with the headmistress or -master."" data-react-helmet=""true"" name=""description"" property=""description""/>"
2190,"<meta content=""Drake's fourth proper album feels claustrophobic and too long and weirdly monotone, but the occasional tweaks in sound lead to a few great moments."" data-react-helmet=""true"" name=""description"" property=""description""/>"
21608,"<meta content=""After Brainiac's untimely demise, few in the indie realm were expecting much of a comeback from any of its ..."" data-react-helmet=""true"" name=""description"" property=""description""/>"
20619,"<meta content=""Southern Baptist imagery meets klezmer/rockabilly on this band's second album."" data-react-helmet=""true"" name=""description"" property=""description""/>"
17175,"<meta content=""This covers album finds the 60s legend working with Antony, Jarvis Cocker, and Cat Power and tackling songs by Morrissey, Brian Eno, the Decemberists, Neko Case, and Duke Ellington, among others."" data-react-helmet=""true"" name=""description"" property=""description""/>"
22102,"<meta content=""Living on the New Hampshire seacoast, I can relate to the state of mind that might drive one to bossa ..."" data-react-helmet=""true"" name=""description"" property=""description""/>"
6874,"<meta content=""Stephen McBean has always made music for the open road, but if you value your own safety, don’t listen to Get Back, his first record as Pink Mountaintops in five years, while behind the wheel—or for that matter, while doing anything that requires specific and steady motor skills."" data-react-helmet=""true"" name=""description"" property=""description""/>"
20337,"<meta content=""Breezy, jazzy electronic pop painstakingly arranged by Hukkelberg and Shining producer Kåre Vestrheim."" data-react-helmet=""true"" name=""description"" property=""description""/>"
3060,"<meta content=""Wreckless Eric, born Eric Goulden, is a cult power-pop artist who got his start on Stiff Records in the late 1970s. His new album, amERICa, is rooted in classicist rock gestures but fixated on the contemporary United States. It isn’t complacent or satisfied; he anatomizes his surroundings with the wide-eyed thrill of discovery."" data-react-helmet=""true"" name=""description"" property=""description""/>"
18575,"<meta content=""Brooklyn quartet's full-length debut is a catchy and ornate tapestry of pop produced by Spoon's Jim Eno."" data-react-helmet=""true"" name=""description"" property=""description""/>"
4419,"<meta content=""Paul de Jong, former cellist for the Books, uses his debut solo album IF to return refreshed and willing to reveal sides previously overshadowed. The cello was merely an instrument in the Books’ work, but here it becomes its own character."" data-react-helmet=""true"" name=""description"" property=""description""/>"
16391,"<meta content=""The eclectic dance duo dial it back a bit on the most effective parts of their latest album."" data-react-helmet=""true"" name=""description"" property=""description""/>"
15022,"<meta content=""Popular in the UK and basically ignored at home, We Are Scientists have now enlisted a Razorlight member for their latest LP of lukewarm indie-dance."" data-react-helmet=""true"" name=""description"" property=""description""/>"
2983,"<meta content=""San Franciso funk outsider Doug Hream Blunt has been championed by the likes of Ariel Pink and former Hype Williams member Dean Blunt, who took his name. David Byrne’s Luaka Bop imprint makes the once obscure Blunt readily acccessible with the My Name Is compilation."" data-react-helmet=""true"" name=""description"" property=""description""/>"
17611,"<meta content=""Sequenced like a DJ mix, Minilogue's debut LP offers four sides of music-- two of traditional Minilogue tech-house fare and two dedicated to ambient platters-- that clock in at more than two-and-a-half hours; it takes dedication, but its rewards come mostly in the form of dark, room-shading atmospheres, no matter the tempo."" data-react-helmet=""true"" name=""description"" property=""description""/>"
21434,"<meta content=""Scout Niblett's music is as monomaniacal as a student at practice. When she plays drums or guitar, or worst ..."" data-react-helmet=""true"" name=""description"" property=""description""/>"
14886,"<meta content=""The beloved pop duo enlists rising producer Ben Allen to flesh out their bang-and-bash sound with more studio flourishes and varied instrumentation."" data-react-helmet=""true"" name=""description"" property=""description""/>"
19852,"<meta content=""Organ-and-drums duo gingerly lift the moratorium on six-strings and explore a more varied sonic palette, resulting in their best album to date."" data-react-helmet=""true"" name=""description"" property=""description""/>"
21415,"<meta content=""Let me start with a confession; for several years I was a card-carrying No Depressionist. I didn't dress funny ..."" data-react-helmet=""true"" name=""description"" property=""description""/>"
5307,"<meta content=""Young L was the mastermind of Lil B's old group the Pack, and he's been on a strange and interesting path in the years since. While he may not wield his influence as visibly as Lil B, he’s usually a couple steps ahead of the game."" data-react-helmet=""true"" name=""description"" property=""description""/>"
19975,"<meta content=""Long-awaited U.S. release from this at times perplexing electronic British outfit, who come across like a mellow, hip-hop-lovin' version of LCD Soundsystem."" data-react-helmet=""true"" name=""description"" property=""description""/>"
19807,"<meta content=""Thirsty Ear's Blue Series-- which forcibly boggles the vocabularies of modern jazz, electronics, and hip-hop-- offers a cross-textual platform for the former Antipop Consortium iconoclast."" data-react-helmet=""true"" name=""description"" property=""description""/>"
1738,"<meta content=""Jessy Lanza's latest is a gorgeous and deadly pop music manifesto, full of pent-up nervous energy set to release."" data-react-helmet=""true"" name=""description"" property=""description""/>"
